day,date,hour,timestamp_utc,timestamp_pdt,version_prefix,kpae_temp_c,kpae_dewpoint_c,kpae_wind,kpae_humidity_pct,kpae_pressure_hpa,kpae_conditions,kpae_metar_wind,kpae_metar_sky,ksc_temp_c,kp_index,kp_forecast,solar_wind_km_s
1,2026-03-31,0,2026-03-31T07:00:00Z,2026-03-31T00:00:00-07:00,v1.0,4.5,0.5,Calm,80,1016.0,Clear,00000KT,CLR,18.5,1.33,3.3,392
1,2026-03-31,1,2026-03-31T08:00:00Z,2026-03-31T01:00:00-07:00,v1.0,4.0,0.0,Calm,80,1015.5,Clear,00000KT,CLR,18.0,1.33,3.3,392
1,2026-03-31,2,2026-03-31T09:00:00Z,2026-03-31T02:00:00-07:00,v1.0,3.5,-0.5,Calm,78,1015.2,Clear,00000KT,CLR,17.5,1.33,3.3,392
1,2026-03-31,3,2026-03-31T10:00:00Z,2026-03-31T03:00:00-07:00,v1.0,3.2,-0.8,Calm,77,1014.8,Clear,00000KT,CLR,17.0,1.33,3.3,392
1,2026-03-31,4,2026-03-31T11:00:00Z,2026-03-31T04:00:00-07:00,v1.0,3.0,-1.0,Calm,76,1014.5,Clear,00000KT,CLR,17.5,1.33,3.3,392
1,2026-03-31,5,2026-03-31T12:00:00Z,2026-03-31T05:00:00-07:00,v1.0,3.3,-1.1,Calm,75,1014.3,Clear,00000KT,CLR,18.0,1.33,3.3,392
1,2026-03-31,6,2026-03-31T13:00:00Z,2026-03-31T06:00:00-07:00,v1.0,2.8,-0.6,Calm,75,1012.1,FEW120,00000KT,FEW120,19.0,1.33,3.3,392
1,2026-03-31,7,2026-03-31T14:00:00Z,2026-03-31T07:00:00-07:00,v1.0,5.5,-1.0,Calm,60,1011.5,FEW100,00000KT,FEW100,20.5,1.33,3.3,392
1,2026-03-31,8,2026-03-31T15:00:00Z,2026-03-31T08:00:00-07:00,v1.0,9.4,-2.8,Calm,45,1011.0,Clear,00000KT,CLR,22.0,1.33,3.3,392
1,2026-03-31,9,2026-03-31T16:00:00Z,2026-03-31T09:00:00-07:00,v1.0,10.2,-2.0,Calm,42,1010.5,Clear,00000KT,CLR,23.5,1.33,3.3,392
1,2026-03-31,10,2026-03-31T17:00:00Z,2026-03-31T10:00:00-07:00,v1.0,10.8,-1.5,SE 5 km/h,40,1010.0,Clear,13003KT,CLR,25.0,1.33,3.3,392
1,2026-03-31,11,2026-03-31T18:00:00Z,2026-03-31T11:00:00-07:00,v1.0,11.0,-1.0,SE 6 km/h,38,1009.5,SCT120,13003KT,SCT120,26.0,1.33,3.3,392
1,2026-03-31,12,2026-03-31T19:00:00Z,2026-03-31T12:00:00-07:00,v1.0,11.2,-0.5,SE 7 km/h,37,1009.0,SCT100,14004KT,SCT100,26.6,1.33,3.3,392
1,2026-03-31,13,2026-03-31T20:00:00Z,2026-03-31T13:00:00-07:00,v1.0,11.5,0.0,SE 8 km/h,36,1008.5,SCT100 BKN200,14004KT,SCT100,27.0,1.33,3.3,392
1,2026-03-31,14,2026-03-31T21:00:00Z,2026-03-31T14:00:00-07:00,v1.0,11.1,0.5,SE 8 km/h,38,1008.0,BKN100 BKN200,14004KT,BKN100,27.5,1.33,3.3,392
1,2026-03-31,15,2026-03-31T22:00:00Z,2026-03-31T15:00:00-07:00,v1.0,11.0,0.5,S 10 km/h,40,1007.5,BKN090,18005KT,BKN090,27.0,1.33,3.3,392
1,2026-03-31,16,2026-03-31T23:00:00Z,2026-03-31T16:00:00-07:00,v1.0,10.5,0.5,S 12 km/h,42,1007.0,BKN080,18006KT,BKN080,26.0,1.33,3.3,392
1,2026-03-31,17,2026-03-32T00:00:00Z,2026-03-31T17:00:00-07:00,v1.0,10.0,1.0,S 14 km/h,45,1006.5,BKN070,18008KT,BKN070,25.0,1.33,3.3,392
1,2026-03-31,18,2026-03-32T01:00:00Z,2026-03-31T18:00:00-07:00,v1.0,9.2,1.0,S 15 km/h,50,1006.0,OVC060,18008KT,OVC060,24.0,1.33,3.3,392
1,2026-03-31,19,2026-03-32T02:00:00Z,2026-03-31T19:00:00-07:00,v1.0,8.5,1.5,S 13 km/h,55,1005.5,OVC050,18007KT,OVC050,22.5,1.33,3.3,392
1,2026-03-31,20,2026-03-32T03:00:00Z,2026-03-31T20:00:00-07:00,v1.0,7.8,1.5,S 10 km/h,60,1005.0,OVC050,18005KT,OVC050,21.0,1.33,3.3,392
1,2026-03-31,21,2026-03-32T04:00:00Z,2026-03-31T21:00:00-07:00,v1.0,7.2,2.0,S 8 km/h,65,1004.8,BKN060,18004KT,BKN060,20.0,1.33,3.3,392
1,2026-03-31,22,2026-03-32T05:00:00Z,2026-03-31T22:00:00-07:00,v1.0,6.8,2.0,SSW 6 km/h,68,1004.5,BKN070,20003KT,BKN070,19.5,1.33,3.3,392
1,2026-03-31,23,2026-03-32T06:00:00Z,2026-03-31T23:00:00-07:00,v1.0,6.5,2.5,SSW 5 km/h,70,1004.2,BKN080,20003KT,BKN080,19.0,1.33,3.3,392
2,2026-04-01,0,2026-04-01T07:00:00Z,2026-04-01T00:00:00-07:00,v1.1,6.2,2.8,SSW 4 km/h,72,1004.0,BKN090,20002KT,BKN090,18.5,2.0,3.7,405
2,2026-04-01,1,2026-04-01T08:00:00Z,2026-04-01T01:00:00-07:00,v1.1,5.8,2.5,Calm,74,1003.8,SCT100,00000KT,SCT100,18.0,2.0,3.7,405
2,2026-04-01,2,2026-04-01T09:00:00Z,2026-04-01T02:00:00-07:00,v1.1,5.5,2.2,Calm,76,1003.5,SCT120,00000KT,SCT120,17.5,2.0,3.7,405
2,2026-04-01,3,2026-04-01T10:00:00Z,2026-04-01T03:00:00-07:00,v1.1,5.2,2.0,Calm,78,1003.3,FEW150,00000KT,FEW150,17.0,2.0,3.7,405
2,2026-04-01,4,2026-04-01T11:00:00Z,2026-04-01T04:00:00-07:00,v1.1,5.0,1.8,Calm,80,1003.0,FEW150,00000KT,FEW150,17.5,2.0,3.7,405
2,2026-04-01,5,2026-04-01T12:00:00Z,2026-04-01T05:00:00-07:00,v1.1,5.1,1.9,Calm,79,1002.8,FEW120,00000KT,FEW120,18.0,2.0,3.7,405
2,2026-04-01,6,2026-04-01T13:00:00Z,2026-04-01T06:00:00-07:00,v1.1,5.5,2.0,Calm,78,1002.5,FEW100,00000KT,FEW100,19.5,2.0,3.7,405
2,2026-04-01,7,2026-04-01T14:00:00Z,2026-04-01T07:00:00-07:00,v1.1,7.0,2.5,Calm,68,1002.3,SCT080,00000KT,SCT080,21.0,2.0,3.7,405
2,2026-04-01,8,2026-04-01T15:00:00Z,2026-04-01T08:00:00-07:00,v1.1,9.0,2.0,Calm,55,1002.0,SCT060,00000KT,SCT060,23.0,2.0,3.7,405
2,2026-04-01,9,2026-04-01T16:00:00Z,2026-04-01T09:00:00-07:00,v1.1,10.5,2.5,S 5 km/h,50,1001.8,SCT050 BKN100,18003KT,SCT050,24.5,2.0,3.7,405
2,2026-04-01,10,2026-04-01T17:00:00Z,2026-04-01T10:00:00-07:00,v1.1,11.5,3.0,S 8 km/h,46,1001.5,BKN050,18004KT,BKN050,26.0,2.0,3.7,405
2,2026-04-01,11,2026-04-01T18:00:00Z,2026-04-01T11:00:00-07:00,v1.1,12.0,3.5,S 10 km/h,44,1001.2,BKN040,18005KT,BKN040,27.0,2.0,3.7,405
2,2026-04-01,12,2026-04-01T19:00:00Z,2026-04-01T12:00:00-07:00,v1.1,12.5,4.0,S 12 km/h,42,1001.0,BKN040 OVC080,18006KT,BKN040,28.0,2.0,3.7,405
2,2026-04-01,13,2026-04-01T20:00:00Z,2026-04-01T13:00:00-07:00,v1.1,12.8,4.5,S 14 km/h,42,1000.8,OVC040,18008KT,OVC040,28.5,2.0,3.7,405
2,2026-04-01,14,2026-04-01T21:00:00Z,2026-04-01T14:00:00-07:00,v1.1,12.5,5.0,S 16 km/h,45,1000.5,OVC035,18009KT,OVC035,29.0,2.0,3.7,405
2,2026-04-01,15,2026-04-01T22:00:00Z,2026-04-01T15:00:00-07:00,v1.1,12.0,5.5,S 18 km/h,50,1000.2,OVC030,18010KT,OVC030,28.5,2.0,3.7,405
2,2026-04-01,16,2026-04-01T23:00:00Z,2026-04-01T16:00:00-07:00,v1.1,11.5,6.0,S 15 km/h,55,1000.0,-RA OVC025,18008KT,OVC025,27.5,2.0,3.7,405
2,2026-04-01,17,2026-04-02T00:00:00Z,2026-04-01T17:00:00-07:00,v1.1,10.8,6.5,S 12 km/h,62,999.8,RA OVC020,18006KT,OVC020,26.0,2.0,3.7,405
2,2026-04-01,18,2026-04-02T01:00:00Z,2026-04-01T18:00:00-07:00,v1.1,10.0,7.0,S 10 km/h,68,999.5,RA OVC020,18005KT,OVC020,25.0,2.0,3.7,405
2,2026-04-01,19,2026-04-02T02:00:00Z,2026-04-01T19:00:00-07:00,v1.1,9.5,7.0,SSW 8 km/h,72,999.3,-RA BKN025,20004KT,BKN025,24.0,2.0,3.7,405
2,2026-04-01,20,2026-04-02T03:00:00Z,2026-04-01T20:00:00-07:00,v1.1,9.0,6.5,SSW 6 km/h,75,999.0,BKN030,20003KT,BKN030,23.0,2.0,3.7,405
2,2026-04-01,21,2026-04-02T04:00:00Z,2026-04-01T21:00:00-07:00,v1.1,8.5,6.0,Calm,76,999.0,SCT040,00000KT,SCT040,22.0,2.0,3.7,405
2,2026-04-01,22,2026-04-02T05:00:00Z,2026-04-01T22:00:00-07:00,v1.1,8.0,5.5,Calm,78,999.0,SCT050,00000KT,SCT050,21.5,2.0,3.7,405
2,2026-04-01,23,2026-04-02T06:00:00Z,2026-04-01T23:00:00-07:00,v1.1,7.5,5.0,Calm,80,999.0,FEW060,00000KT,FEW060,21.0,2.0,3.7,405
3,2026-04-02,0,2026-04-02T07:00:00Z,2026-04-02T00:00:00-07:00,v1.2,7.0,4.5,Calm,82,999.0,FEW070,00000KT,FEW070,20.5,1.67,2.0,380
3,2026-04-02,1,2026-04-02T08:00:00Z,2026-04-02T01:00:00-07:00,v1.2,6.5,4.2,Calm,84,999.2,FEW080,00000KT,FEW080,20.0,1.67,2.0,380
3,2026-04-02,2,2026-04-02T09:00:00Z,2026-04-02T02:00:00-07:00,v1.2,6.0,4.0,Calm,85,999.3,CLR,00000KT,CLR,19.5,1.67,2.0,380
3,2026-04-02,3,2026-04-02T10:00:00Z,2026-04-02T03:00:00-07:00,v1.2,5.5,3.8,Calm,86,999.5,CLR,00000KT,CLR,19.0,1.67,2.0,380
3,2026-04-02,4,2026-04-02T11:00:00Z,2026-04-02T04:00:00-07:00,v1.2,5.0,3.5,Calm,87,999.6,CLR,00000KT,CLR,19.0,1.67,2.0,380
3,2026-04-02,5,2026-04-02T12:00:00Z,2026-04-02T05:00:00-07:00,v1.2,5.2,3.5,Calm,86,999.8,CLR,00000KT,CLR,19.5,1.67,2.0,380
3,2026-04-02,6,2026-04-02T13:00:00Z,2026-04-02T06:00:00-07:00,v1.2,5.5,3.2,Calm,84,1000.0,FEW100,00000KT,FEW100,20.0,1.67,2.0,380
3,2026-04-02,7,2026-04-02T14:00:00Z,2026-04-02T07:00:00-07:00,v1.2,7.0,3.0,Calm,72,1000.2,FEW120,00000KT,FEW120,21.5,1.67,2.0,380
3,2026-04-02,8,2026-04-02T15:00:00Z,2026-04-02T08:00:00-07:00,v1.2,9.0,2.5,Calm,55,1000.5,SCT100,00000KT,SCT100,23.0,1.67,2.0,380
3,2026-04-02,9,2026-04-02T16:00:00Z,2026-04-02T09:00:00-07:00,v1.2,10.5,2.0,N 5 km/h,48,1000.8,SCT080,36003KT,SCT080,24.5,1.67,2.0,380
3,2026-04-02,10,2026-04-02T17:00:00Z,2026-04-02T10:00:00-07:00,v1.2,11.5,2.0,N 8 km/h,42,1001.0,SCT060,36004KT,SCT060,25.5,1.67,2.0,380
3,2026-04-02,11,2026-04-02T18:00:00Z,2026-04-02T11:00:00-07:00,v1.2,12.5,1.5,N 8 km/h,38,1001.2,FEW050,36004KT,FEW050,26.5,1.67,2.0,380
3,2026-04-02,12,2026-04-02T19:00:00Z,2026-04-02T12:00:00-07:00,v1.2,13.0,1.0,NW 6 km/h,35,1001.5,FEW060,32003KT,FEW060,27.0,1.67,2.0,380
3,2026-04-02,13,2026-04-02T20:00:00Z,2026-04-02T13:00:00-07:00,v1.2,13.5,1.0,NW 8 km/h,34,1001.5,FEW070,32004KT,FEW070,27.5,1.67,2.0,380
3,2026-04-02,14,2026-04-02T21:00:00Z,2026-04-02T14:00:00-07:00,v1.2,13.2,1.5,NW 8 km/h,36,1001.5,SCT060,32004KT,SCT060,27.5,1.67,2.0,380
3,2026-04-02,15,2026-04-02T22:00:00Z,2026-04-02T15:00:00-07:00,v1.2,12.8,2.0,NW 6 km/h,38,1001.5,SCT050,32003KT,SCT050,27.0,1.67,2.0,380
3,2026-04-02,16,2026-04-02T23:00:00Z,2026-04-02T16:00:00-07:00,v1.2,12.0,2.0,NW 5 km/h,42,1001.5,SCT060,32003KT,SCT060,26.0,1.67,2.0,380
3,2026-04-02,17,2026-04-03T00:00:00Z,2026-04-02T17:00:00-07:00,v1.2,11.0,2.5,Calm,48,1001.5,FEW070,00000KT,FEW070,25.0,1.67,2.0,380
3,2026-04-02,18,2026-04-03T01:00:00Z,2026-04-02T18:00:00-07:00,v1.2,10.0,3.0,Calm,55,1001.5,FEW080,00000KT,FEW080,24.0,1.67,2.0,380
3,2026-04-02,19,2026-04-03T02:00:00Z,2026-04-02T19:00:00-07:00,v1.2,9.0,3.0,Calm,60,1001.5,CLR,00000KT,CLR,23.0,1.67,2.0,380
3,2026-04-02,20,2026-04-03T03:00:00Z,2026-04-02T20:00:00-07:00,v1.2,8.0,3.0,Calm,65,1001.5,CLR,00000KT,CLR,22.0,1.67,2.0,380
3,2026-04-02,21,2026-04-03T04:00:00Z,2026-04-02T21:00:00-07:00,v1.2,7.5,3.0,Calm,68,1001.5,CLR,00000KT,CLR,21.5,1.67,2.0,380
3,2026-04-02,22,2026-04-03T05:00:00Z,2026-04-02T22:00:00-07:00,v1.2,7.0,3.0,Calm,72,1001.5,CLR,00000KT,CLR,21.0,1.67,2.0,380
3,2026-04-02,23,2026-04-03T06:00:00Z,2026-04-02T23:00:00-07:00,v1.2,6.5,3.0,Calm,75,1001.5,CLR,00000KT,CLR,20.5,1.67,2.0,380
4,2026-04-03,0,2026-04-03T07:00:00Z,2026-04-03T00:00:00-07:00,v1.3,6.0,2.8,Calm,76,1002.0,CLR,00000KT,CLR,20.0,1.33,1.7,370
4,2026-04-03,1,2026-04-03T08:00:00Z,2026-04-03T01:00:00-07:00,v1.3,5.5,2.5,Calm,78,1002.2,CLR,00000KT,CLR,19.5,1.33,1.7,370
4,2026-04-03,2,2026-04-03T09:00:00Z,2026-04-03T02:00:00-07:00,v1.3,5.0,2.2,Calm,80,1002.5,CLR,00000KT,CLR,19.0,1.33,1.7,370
4,2026-04-03,3,2026-04-03T10:00:00Z,2026-04-03T03:00:00-07:00,v1.3,4.5,2.0,Calm,82,1002.8,FEW200,00000KT,FEW200,18.5,1.33,1.7,370
4,2026-04-03,4,2026-04-03T11:00:00Z,2026-04-03T04:00:00-07:00,v1.3,4.2,1.8,Calm,83,1003.0,FEW200,00000KT,FEW200,18.5,1.33,1.7,370
4,2026-04-03,5,2026-04-03T12:00:00Z,2026-04-03T05:00:00-07:00,v1.3,4.5,1.8,Calm,82,1003.2,FEW180,00000KT,FEW180,19.0,1.33,1.7,370
4,2026-04-03,6,2026-04-03T13:00:00Z,2026-04-03T06:00:00-07:00,v1.3,5.0,2.0,Calm,80,1003.5,FEW150,00000KT,FEW150,20.0,1.33,1.7,370
4,2026-04-03,7,2026-04-03T14:00:00Z,2026-04-03T07:00:00-07:00,v1.3,7.5,2.5,Calm,65,1003.8,FEW120,00000KT,FEW120,22.0,1.33,1.7,370
4,2026-04-03,8,2026-04-03T15:00:00Z,2026-04-03T08:00:00-07:00,v1.3,9.5,2.0,Calm,52,1004.0,SCT100,00000KT,SCT100,24.0,1.33,1.7,370
4,2026-04-03,9,2026-04-03T16:00:00Z,2026-04-03T09:00:00-07:00,v1.3,11.0,1.5,N 5 km/h,45,1004.2,SCT080,36003KT,SCT080,25.5,1.33,1.7,370
4,2026-04-03,10,2026-04-03T17:00:00Z,2026-04-03T10:00:00-07:00,v1.3,12.5,1.5,N 6 km/h,40,1004.5,FEW060,36003KT,FEW060,27.0,1.33,1.7,370
4,2026-04-03,11,2026-04-03T18:00:00Z,2026-04-03T11:00:00-07:00,v1.3,13.5,1.0,N 8 km/h,36,1004.5,FEW070,36004KT,FEW070,28.0,1.33,1.7,370
4,2026-04-03,12,2026-04-03T19:00:00Z,2026-04-03T12:00:00-07:00,v1.3,14.0,0.5,NW 6 km/h,33,1004.5,FEW080,32003KT,FEW080,28.5,1.33,1.7,370
4,2026-04-03,13,2026-04-03T20:00:00Z,2026-04-03T13:00:00-07:00,v1.3,14.5,0.5,NW 8 km/h,32,1004.5,FEW090,32004KT,FEW090,29.0,1.33,1.7,370
4,2026-04-03,14,2026-04-03T21:00:00Z,2026-04-03T14:00:00-07:00,v1.3,14.2,1.0,NW 8 km/h,33,1004.5,SCT070,32004KT,SCT070,29.0,1.33,1.7,370
4,2026-04-03,15,2026-04-03T22:00:00Z,2026-04-03T15:00:00-07:00,v1.3,13.8,1.5,NW 6 km/h,35,1004.5,SCT060,32003KT,SCT060,28.5,1.33,1.7,370
4,2026-04-03,16,2026-04-03T23:00:00Z,2026-04-03T16:00:00-07:00,v1.3,13.0,1.5,NW 5 km/h,38,1004.5,SCT070,32003KT,SCT070,27.5,1.33,1.7,370
4,2026-04-03,17,2026-04-04T00:00:00Z,2026-04-03T17:00:00-07:00,v1.3,12.0,2.0,Calm,42,1004.5,FEW080,00000KT,FEW080,26.5,1.33,1.7,370
4,2026-04-03,18,2026-04-04T01:00:00Z,2026-04-03T18:00:00-07:00,v1.3,10.5,2.5,Calm,50,1004.5,FEW100,00000KT,FEW100,25.0,1.33,1.7,370
4,2026-04-03,19,2026-04-04T02:00:00Z,2026-04-03T19:00:00-07:00,v1.3,9.5,2.5,Calm,55,1004.5,CLR,00000KT,CLR,24.0,1.33,1.7,370
4,2026-04-03,20,2026-04-04T03:00:00Z,2026-04-03T20:00:00-07:00,v1.3,8.5,2.5,Calm,60,1004.5,CLR,00000KT,CLR,23.0,1.33,1.7,370
4,2026-04-03,21,2026-04-04T04:00:00Z,2026-04-03T21:00:00-07:00,v1.3,7.5,2.5,Calm,65,1004.5,CLR,00000KT,CLR,22.0,1.33,1.7,370
4,2026-04-03,22,2026-04-04T05:00:00Z,2026-04-03T22:00:00-07:00,v1.3,7.0,2.5,Calm,68,1004.5,CLR,00000KT,CLR,21.5,1.33,1.7,370
4,2026-04-03,23,2026-04-04T06:00:00Z,2026-04-03T23:00:00-07:00,v1.3,6.5,2.5,Calm,72,1004.5,CLR,00000KT,CLR,21.0,1.33,1.7,370
5,2026-04-04,0,2026-04-04T07:00:00Z,2026-04-04T00:00:00-07:00,v1.4,6.0,2.5,Calm,74,1004.0,CLR,00000KT,CLR,20.5,3.0,5.0,450
5,2026-04-04,1,2026-04-04T08:00:00Z,2026-04-04T01:00:00-07:00,v1.4,5.5,2.2,Calm,76,1003.8,FEW200,00000KT,FEW200,20.0,3.0,5.0,450
5,2026-04-04,2,2026-04-04T09:00:00Z,2026-04-04T02:00:00-07:00,v1.4,5.2,2.0,Calm,78,1003.5,FEW180,00000KT,FEW180,19.5,3.0,5.0,450
5,2026-04-04,3,2026-04-04T10:00:00Z,2026-04-04T03:00:00-07:00,v1.4,5.0,2.0,Calm,80,1003.2,FEW150,00000KT,FEW150,19.0,3.0,5.0,450
5,2026-04-04,4,2026-04-04T11:00:00Z,2026-04-04T04:00:00-07:00,v1.4,4.8,2.0,Calm,81,1003.0,FEW120,00000KT,FEW120,19.0,3.0,5.0,450
5,2026-04-04,5,2026-04-04T12:00:00Z,2026-04-04T05:00:00-07:00,v1.4,5.0,2.0,Calm,80,1002.8,FEW100,00000KT,FEW100,19.5,3.0,5.0,450
5,2026-04-04,6,2026-04-04T13:00:00Z,2026-04-04T06:00:00-07:00,v1.4,5.5,2.2,Calm,78,1002.5,SCT080,00000KT,SCT080,20.0,3.0,5.0,450
5,2026-04-04,7,2026-04-04T14:00:00Z,2026-04-04T07:00:00-07:00,v1.4,7.0,2.5,S 5 km/h,68,1002.2,SCT070,18003KT,SCT070,21.5,3.0,5.0,450
5,2026-04-04,8,2026-04-04T15:00:00Z,2026-04-04T08:00:00-07:00,v1.4,8.5,2.5,S 8 km/h,58,1002.0,SCT060,18004KT,SCT060,23.0,3.0,5.0,450
5,2026-04-04,9,2026-04-04T16:00:00Z,2026-04-04T09:00:00-07:00,v1.4,10.0,2.5,S 10 km/h,50,1001.8,BKN060,18005KT,BKN060,24.5,3.0,5.0,450
5,2026-04-04,10,2026-04-04T17:00:00Z,2026-04-04T10:00:00-07:00,v1.4,11.0,3.0,S 12 km/h,46,1001.5,BKN050,18006KT,BKN050,25.5,3.0,5.0,450
5,2026-04-04,11,2026-04-04T18:00:00Z,2026-04-04T11:00:00-07:00,v1.4,11.8,3.5,S 14 km/h,44,1001.2,BKN040,18008KT,BKN040,26.5,3.0,5.0,450
5,2026-04-04,12,2026-04-04T19:00:00Z,2026-04-04T12:00:00-07:00,v1.4,12.2,4.0,S 15 km/h,42,1001.0,BKN040 OVC080,18008KT,BKN040,27.0,3.0,5.0,450
5,2026-04-04,13,2026-04-04T20:00:00Z,2026-04-04T13:00:00-07:00,v1.4,12.5,4.5,S 16 km/h,42,1000.8,OVC040,18009KT,OVC040,27.5,3.0,5.0,450
5,2026-04-04,14,2026-04-04T21:00:00Z,2026-04-04T14:00:00-07:00,v1.4,12.2,5.0,S 18 km/h,45,1000.5,OVC035,18010KT,OVC035,27.5,3.0,5.0,450
5,2026-04-04,15,2026-04-04T22:00:00Z,2026-04-04T15:00:00-07:00,v1.4,11.8,5.5,S 16 km/h,48,1000.2,OVC030,18009KT,OVC030,27.0,3.0,5.0,450
5,2026-04-04,16,2026-04-04T23:00:00Z,2026-04-04T16:00:00-07:00,v1.4,11.2,5.5,S 14 km/h,52,1000.0,-RA OVC025,18008KT,OVC025,26.0,3.0,5.0,450
5,2026-04-04,17,2026-04-05T00:00:00Z,2026-04-04T17:00:00-07:00,v1.4,10.5,6.0,S 12 km/h,58,999.8,RA OVC020,18006KT,OVC020,25.0,3.0,5.0,450
5,2026-04-04,18,2026-04-05T01:00:00Z,2026-04-04T18:00:00-07:00,v1.4,9.8,6.0,S 10 km/h,64,999.5,-RA OVC025,18005KT,OVC025,24.0,3.0,5.0,450
5,2026-04-04,19,2026-04-05T02:00:00Z,2026-04-04T19:00:00-07:00,v1.4,9.2,5.5,SSW 8 km/h,68,999.5,BKN030,20004KT,BKN030,23.0,3.0,5.0,450
5,2026-04-04,20,2026-04-05T03:00:00Z,2026-04-04T20:00:00-07:00,v1.4,8.5,5.0,SSW 6 km/h,72,999.5,BKN035,20003KT,BKN035,22.0,3.0,5.0,450
5,2026-04-04,21,2026-04-05T04:00:00Z,2026-04-04T21:00:00-07:00,v1.4,8.0,5.0,Calm,75,999.5,SCT040,00000KT,SCT040,21.5,3.0,5.0,450
5,2026-04-04,22,2026-04-05T05:00:00Z,2026-04-04T22:00:00-07:00,v1.4,7.5,4.5,Calm,78,999.5,SCT050,00000KT,SCT050,21.0,3.0,5.0,450
5,2026-04-04,23,2026-04-05T06:00:00Z,2026-04-04T23:00:00-07:00,v1.4,7.0,4.5,Calm,80,999.5,FEW060,00000KT,FEW060,20.5,3.0,5.0,450
6,2026-04-05,0,2026-04-05T07:00:00Z,2026-04-05T00:00:00-07:00,v1.5,6.5,4.0,Calm,82,1000.0,FEW080,00000KT,FEW080,18.0,2.33,3.0,420
6,2026-04-05,1,2026-04-05T08:00:00Z,2026-04-05T01:00:00-07:00,v1.5,6.0,4.0,Calm,84,1000.2,FEW100,00000KT,FEW100,17.0,2.33,3.0,420
6,2026-04-05,2,2026-04-05T09:00:00Z,2026-04-05T02:00:00-07:00,v1.5,5.5,3.8,Calm,86,1000.5,MIFG FEW100,00000KT,FEW100,8.0,2.33,3.0,420
6,2026-04-05,3,2026-04-05T10:00:00Z,2026-04-05T03:00:00-07:00,v1.5,5.2,3.8,Calm,88,1000.8,MIFG SCT080,00000KT,SCT080,5.0,2.33,3.0,420
6,2026-04-05,4,2026-04-05T11:00:00Z,2026-04-05T04:00:00-07:00,v1.5,5.0,3.8,Calm,89,1001.0,BR SCT060,00000KT,SCT060,4.0,2.33,3.0,420
6,2026-04-05,5,2026-04-05T12:00:00Z,2026-04-05T05:00:00-07:00,v1.5,5.2,3.5,Calm,86,1001.2,BR SCT050,00000KT,SCT050,6.0,2.33,3.0,420
6,2026-04-05,6,2026-04-05T13:00:00Z,2026-04-05T06:00:00-07:00,v1.5,6.0,3.5,Calm,82,1001.5,SCT040,00000KT,SCT040,12.0,2.33,3.0,420
6,2026-04-05,7,2026-04-05T14:00:00Z,2026-04-05T07:00:00-07:00,v1.5,7.5,3.0,Calm,72,1001.8,SCT050,00000KT,SCT050,18.0,2.33,3.0,420
6,2026-04-05,8,2026-04-05T15:00:00Z,2026-04-05T08:00:00-07:00,v1.5,9.0,2.5,Calm,60,1002.0,FEW060,00000KT,FEW060,22.0,2.33,3.0,420
6,2026-04-05,9,2026-04-05T16:00:00Z,2026-04-05T09:00:00-07:00,v1.5,10.5,2.0,N 5 km/h,50,1002.2,FEW080,36003KT,FEW080,25.0,2.33,3.0,420
6,2026-04-05,10,2026-04-05T17:00:00Z,2026-04-05T10:00:00-07:00,v1.5,12.0,2.0,N 6 km/h,44,1002.5,FEW100,36003KT,FEW100,27.0,2.33,3.0,420
6,2026-04-05,11,2026-04-05T18:00:00Z,2026-04-05T11:00:00-07:00,v1.5,13.0,1.5,N 8 km/h,38,1002.8,SCT100,36004KT,SCT100,28.0,2.33,3.0,420
6,2026-04-05,12,2026-04-05T19:00:00Z,2026-04-05T12:00:00-07:00,v1.5,13.8,1.5,NW 8 km/h,35,1003.0,SCT080,32004KT,SCT080,29.0,2.33,3.0,420
6,2026-04-05,13,2026-04-05T20:00:00Z,2026-04-05T13:00:00-07:00,v1.5,14.2,1.0,NW 10 km/h,33,1003.0,SCT070,32005KT,SCT070,30.0,2.33,3.0,420
6,2026-04-05,14,2026-04-05T21:00:00Z,2026-04-05T14:00:00-07:00,v1.5,14.0,1.5,NW 8 km/h,34,1003.0,SCT080,32004KT,SCT080,30.0,2.33,3.0,420
6,2026-04-05,15,2026-04-05T22:00:00Z,2026-04-05T15:00:00-07:00,v1.5,13.5,2.0,NW 6 km/h,36,1003.0,FEW090,32003KT,FEW090,29.0,2.33,3.0,420
6,2026-04-05,16,2026-04-05T23:00:00Z,2026-04-05T16:00:00-07:00,v1.5,12.8,2.0,NW 5 km/h,40,1003.0,FEW100,32003KT,FEW100,28.0,2.33,3.0,420
6,2026-04-05,17,2026-04-06T00:00:00Z,2026-04-05T17:00:00-07:00,v1.5,11.5,2.5,Calm,45,1003.0,FEW120,00000KT,FEW120,27.0,2.33,3.0,420
6,2026-04-05,18,2026-04-06T01:00:00Z,2026-04-05T18:00:00-07:00,v1.5,10.0,3.0,Calm,52,1003.0,CLR,00000KT,CLR,25.0,2.33,3.0,420
6,2026-04-05,19,2026-04-06T02:00:00Z,2026-04-05T19:00:00-07:00,v1.5,9.0,3.0,Calm,58,1003.0,CLR,00000KT,CLR,24.0,2.33,3.0,420
6,2026-04-05,20,2026-04-06T03:00:00Z,2026-04-05T20:00:00-07:00,v1.5,8.0,3.0,Calm,64,1003.0,CLR,00000KT,CLR,22.0,2.33,3.0,420
6,2026-04-05,21,2026-04-06T04:00:00Z,2026-04-05T21:00:00-07:00,v1.5,7.2,3.0,Calm,70,1003.0,CLR,00000KT,CLR,21.0,2.33,3.0,420
6,2026-04-05,22,2026-04-06T05:00:00Z,2026-04-05T22:00:00-07:00,v1.5,6.8,3.0,Calm,74,1003.0,CLR,00000KT,CLR,20.5,2.33,3.0,420
6,2026-04-05,23,2026-04-06T06:00:00Z,2026-04-05T23:00:00-07:00,v1.5,6.2,3.0,Calm,78,1003.0,CLR,00000KT,CLR,20.0,2.33,3.0,420
7,2026-04-06,0,2026-04-06T07:00:00Z,2026-04-06T00:00:00-07:00,v1.6,6.0,2.5,Calm,76,1003.2,CLR,00000KT,CLR,20.0,1.67,2.0,390
7,2026-04-06,1,2026-04-06T08:00:00Z,2026-04-06T01:00:00-07:00,v1.6,5.5,2.5,Calm,78,1003.5,CLR,00000KT,CLR,19.5,1.67,2.0,390
7,2026-04-06,2,2026-04-06T09:00:00Z,2026-04-06T02:00:00-07:00,v1.6,5.0,2.5,Calm,80,1003.8,CLR,00000KT,CLR,19.0,1.67,2.0,390
7,2026-04-06,3,2026-04-06T10:00:00Z,2026-04-06T03:00:00-07:00,v1.6,4.8,2.2,Calm,82,1004.0,CLR,00000KT,CLR,18.5,1.67,2.0,390
7,2026-04-06,4,2026-04-06T11:00:00Z,2026-04-06T04:00:00-07:00,v1.6,4.5,2.0,Calm,83,1004.2,FEW200,00000KT,FEW200,18.5,1.67,2.0,390
7,2026-04-06,5,2026-04-06T12:00:00Z,2026-04-06T05:00:00-07:00,v1.6,4.8,2.0,Calm,82,1004.5,FEW180,00000KT,FEW180,19.0,1.67,2.0,390
7,2026-04-06,6,2026-04-06T13:00:00Z,2026-04-06T06:00:00-07:00,v1.6,5.5,2.0,Calm,78,1004.8,FEW150,00000KT,FEW150,20.5,1.67,2.0,390
7,2026-04-06,7,2026-04-06T14:00:00Z,2026-04-06T07:00:00-07:00,v1.6,7.5,2.0,Calm,62,1005.0,FEW120,00000KT,FEW120,23.0,1.67,2.0,390
7,2026-04-06,8,2026-04-06T15:00:00Z,2026-04-06T08:00:00-07:00,v1.6,9.5,1.5,N 3 km/h,48,1005.2,FEW100,36002KT,FEW100,26.0,1.67,2.0,390
7,2026-04-06,9,2026-04-06T16:00:00Z,2026-04-06T09:00:00-07:00,v1.6,11.5,1.5,N 5 km/h,40,1005.5,SKC,36003KT,SKC,28.0,1.67,2.0,390
7,2026-04-06,10,2026-04-06T17:00:00Z,2026-04-06T10:00:00-07:00,v1.6,13.0,1.0,N 6 km/h,34,1005.5,SKC,36003KT,SKC,30.0,1.67,2.0,390
7,2026-04-06,11,2026-04-06T18:00:00Z,2026-04-06T11:00:00-07:00,v1.6,14.0,0.5,N 8 km/h,30,1005.5,SKC,36004KT,SKC,30.0,1.67,2.0,390
7,2026-04-06,12,2026-04-06T19:00:00Z,2026-04-06T12:00:00-07:00,v1.6,15.0,0.5,NW 8 km/h,28,1005.5,SKC,32004KT,SKC,30.0,1.67,2.0,390
7,2026-04-06,13,2026-04-06T20:00:00Z,2026-04-06T13:00:00-07:00,v1.6,15.5,0.5,NW 10 km/h,27,1005.5,FEW200,32005KT,FEW200,30.0,1.67,2.0,390
7,2026-04-06,14,2026-04-06T21:00:00Z,2026-04-06T14:00:00-07:00,v1.6,15.2,0.5,NW 8 km/h,28,1005.5,FEW200,32004KT,FEW200,30.0,1.67,2.0,390
7,2026-04-06,15,2026-04-06T22:00:00Z,2026-04-06T15:00:00-07:00,v1.6,14.5,1.0,NW 6 km/h,30,1005.5,FEW180,32003KT,FEW180,30.0,1.67,2.0,390
7,2026-04-06,16,2026-04-06T23:00:00Z,2026-04-06T16:00:00-07:00,v1.6,13.5,1.0,N 5 km/h,34,1005.5,FEW200,36003KT,FEW200,29.0,1.67,2.0,390
7,2026-04-06,17,2026-04-07T00:00:00Z,2026-04-06T17:00:00-07:00,v1.6,12.0,1.5,Calm,40,1005.5,CLR,00000KT,CLR,28.0,1.67,2.0,390
7,2026-04-06,18,2026-04-07T01:00:00Z,2026-04-06T18:00:00-07:00,v1.6,10.5,2.0,Calm,48,1005.5,CLR,00000KT,CLR,26.0,1.67,2.0,390
7,2026-04-06,19,2026-04-07T02:00:00Z,2026-04-06T19:00:00-07:00,v1.6,9.0,2.0,Calm,55,1005.5,CLR,00000KT,CLR,24.0,1.67,2.0,390
7,2026-04-06,20,2026-04-07T03:00:00Z,2026-04-06T20:00:00-07:00,v1.6,8.0,2.0,Calm,62,1005.5,CLR,00000KT,CLR,22.5,1.67,2.0,390
7,2026-04-06,21,2026-04-07T04:00:00Z,2026-04-06T21:00:00-07:00,v1.6,7.0,2.0,Calm,68,1005.5,CLR,00000KT,CLR,21.5,1.67,2.0,390
7,2026-04-06,22,2026-04-07T05:00:00Z,2026-04-06T22:00:00-07:00,v1.6,6.5,2.0,Calm,72,1005.5,CLR,00000KT,CLR,21.0,1.67,2.0,390
7,2026-04-06,23,2026-04-07T06:00:00Z,2026-04-06T23:00:00-07:00,v1.6,6.0,2.0,Calm,75,1005.5,CLR,00000KT,CLR,20.5,1.67,2.0,390
8,2026-04-07,0,2026-04-07T07:00:00Z,2026-04-07T00:00:00-07:00,v1.7,5.5,2.0,Calm,78,1005.5,CLR,00000KT,CLR,20.0,1.33,1.7,375
8,2026-04-07,1,2026-04-07T08:00:00Z,2026-04-07T01:00:00-07:00,v1.7,5.0,2.0,Calm,80,1005.5,CLR,00000KT,CLR,19.5,1.33,1.7,375
8,2026-04-07,2,2026-04-07T09:00:00Z,2026-04-07T02:00:00-07:00,v1.7,4.5,2.0,Calm,82,1005.5,CLR,00000KT,CLR,19.0,1.33,1.7,375
8,2026-04-07,3,2026-04-07T10:00:00Z,2026-04-07T03:00:00-07:00,v1.7,4.2,1.8,Calm,83,1005.5,CLR,00000KT,CLR,18.5,1.33,1.7,375
8,2026-04-07,4,2026-04-07T11:00:00Z,2026-04-07T04:00:00-07:00,v1.7,4.0,1.8,Calm,84,1005.5,CLR,00000KT,CLR,18.0,1.33,1.7,375
8,2026-04-07,5,2026-04-07T12:00:00Z,2026-04-07T05:00:00-07:00,v1.7,4.2,1.8,Calm,83,1005.5,CLR,00000KT,CLR,19.0,1.33,1.7,375
8,2026-04-07,6,2026-04-07T13:00:00Z,2026-04-07T06:00:00-07:00,v1.7,5.0,1.8,Calm,80,1005.5,CLR,00000KT,CLR,20.5,1.33,1.7,375
8,2026-04-07,7,2026-04-07T14:00:00Z,2026-04-07T07:00:00-07:00,v1.7,7.0,1.5,Calm,62,1005.5,CLR,00000KT,CLR,24.0,1.33,1.7,375
8,2026-04-07,8,2026-04-07T15:00:00Z,2026-04-07T08:00:00-07:00,v1.7,9.5,1.0,Calm,46,1005.5,SKC,00000KT,SKC,28.0,1.33,1.7,375
8,2026-04-07,9,2026-04-07T16:00:00Z,2026-04-07T09:00:00-07:00,v1.7,11.5,1.0,N 3 km/h,38,1005.5,SKC,36002KT,SKC,30.0,1.33,1.7,375
8,2026-04-07,10,2026-04-07T17:00:00Z,2026-04-07T10:00:00-07:00,v1.7,13.5,0.5,N 5 km/h,32,1005.5,SKC,36003KT,SKC,30.0,1.33,1.7,375
8,2026-04-07,11,2026-04-07T18:00:00Z,2026-04-07T11:00:00-07:00,v1.7,14.5,0.5,N 6 km/h,28,1005.2,SKC,36003KT,SKC,30.0,1.33,1.7,375
8,2026-04-07,12,2026-04-07T19:00:00Z,2026-04-07T12:00:00-07:00,v1.7,15.5,0.0,N 8 km/h,26,1005.0,SKC,36004KT,SKC,30.0,1.33,1.7,375
8,2026-04-07,13,2026-04-07T20:00:00Z,2026-04-07T13:00:00-07:00,v1.7,16.0,0.0,NW 8 km/h,25,1005.0,SKC,32004KT,SKC,30.0,1.33,1.7,375
8,2026-04-07,14,2026-04-07T21:00:00Z,2026-04-07T14:00:00-07:00,v1.7,15.8,0.0,NW 6 km/h,26,1005.0,FEW200,32003KT,FEW200,30.0,1.33,1.7,375
8,2026-04-07,15,2026-04-07T22:00:00Z,2026-04-07T15:00:00-07:00,v1.7,15.0,0.5,N 5 km/h,28,1005.0,FEW200,36003KT,FEW200,30.0,1.33,1.7,375
8,2026-04-07,16,2026-04-07T23:00:00Z,2026-04-07T16:00:00-07:00,v1.7,14.0,1.0,N 3 km/h,32,1005.0,FEW200,36002KT,FEW200,30.0,1.33,1.7,375
8,2026-04-07,17,2026-04-08T00:00:00Z,2026-04-07T17:00:00-07:00,v1.7,12.5,1.5,Calm,38,1005.0,CLR,00000KT,CLR,28.0,1.33,1.7,375
8,2026-04-07,18,2026-04-08T01:00:00Z,2026-04-07T18:00:00-07:00,v1.7,11.0,2.0,Calm,46,1005.0,CLR,00000KT,CLR,26.0,1.33,1.7,375
8,2026-04-07,19,2026-04-08T02:00:00Z,2026-04-07T19:00:00-07:00,v1.7,9.5,2.0,Calm,54,1005.0,CLR,00000KT,CLR,24.0,1.33,1.7,375
8,2026-04-07,20,2026-04-08T03:00:00Z,2026-04-07T20:00:00-07:00,v1.7,8.5,2.0,Calm,60,1005.0,CLR,00000KT,CLR,22.0,1.33,1.7,375
8,2026-04-07,21,2026-04-08T04:00:00Z,2026-04-07T21:00:00-07:00,v1.7,7.5,2.0,Calm,66,1005.0,CLR,00000KT,CLR,21.5,1.33,1.7,375
8,2026-04-07,22,2026-04-08T05:00:00Z,2026-04-07T22:00:00-07:00,v1.7,7.0,2.0,Calm,70,1005.0,CLR,00000KT,CLR,21.0,1.33,1.7,375
8,2026-04-07,23,2026-04-08T06:00:00Z,2026-04-07T23:00:00-07:00,v1.7,6.5,2.0,Calm,74,1005.0,CLR,00000KT,CLR,20.5,1.33,1.7,375
9,2026-04-08,0,2026-04-08T07:00:00Z,2026-04-08T00:00:00-07:00,v1.8,6.0,2.5,Calm,76,1004.8,CLR,00000KT,CLR,20.0,2.0,3.3,410
9,2026-04-08,1,2026-04-08T08:00:00Z,2026-04-08T01:00:00-07:00,v1.8,5.5,2.5,Calm,78,1004.5,CLR,00000KT,CLR,19.5,2.0,3.3,410
9,2026-04-08,2,2026-04-08T09:00:00Z,2026-04-08T02:00:00-07:00,v1.8,5.0,2.5,Calm,80,1004.2,CLR,00000KT,CLR,19.0,2.0,3.3,410
9,2026-04-08,3,2026-04-08T10:00:00Z,2026-04-08T03:00:00-07:00,v1.8,4.8,2.5,Calm,82,1004.0,CLR,00000KT,CLR,18.5,2.0,3.3,410
9,2026-04-08,4,2026-04-08T11:00:00Z,2026-04-08T04:00:00-07:00,v1.8,4.5,2.5,Calm,83,1003.8,FEW200,00000KT,FEW200,18.0,2.0,3.3,410
9,2026-04-08,5,2026-04-08T12:00:00Z,2026-04-08T05:00:00-07:00,v1.8,4.8,2.5,Calm,82,1003.5,FEW200,00000KT,FEW200,19.0,2.0,3.3,410
9,2026-04-08,6,2026-04-08T13:00:00Z,2026-04-08T06:00:00-07:00,v1.8,5.5,2.5,Calm,78,1003.2,FEW150,00000KT,FEW150,20.0,2.0,3.3,410
9,2026-04-08,7,2026-04-08T14:00:00Z,2026-04-08T07:00:00-07:00,v1.8,7.0,2.5,Calm,65,1003.0,FEW120,00000KT,FEW120,22.0,2.0,3.3,410
9,2026-04-08,8,2026-04-08T15:00:00Z,2026-04-08T08:00:00-07:00,v1.8,9.0,2.0,Calm,52,1002.8,FEW100,00000KT,FEW100,25.0,2.0,3.3,410
9,2026-04-08,9,2026-04-08T16:00:00Z,2026-04-08T09:00:00-07:00,v1.8,10.5,2.0,S 3 km/h,44,1002.5,FEW080,18002KT,FEW080,27.0,2.0,3.3,410
9,2026-04-08,10,2026-04-08T17:00:00Z,2026-04-08T10:00:00-07:00,v1.8,12.0,2.0,S 5 km/h,38,1002.2,SCT080,18003KT,SCT080,28.0,2.0,3.3,410
9,2026-04-08,11,2026-04-08T18:00:00Z,2026-04-08T11:00:00-07:00,v1.8,13.0,2.0,S 6 km/h,34,1002.0,SCT070,18003KT,SCT070,28.5,2.0,3.3,410
9,2026-04-08,12,2026-04-08T19:00:00Z,2026-04-08T12:00:00-07:00,v1.8,13.5,2.0,S 8 km/h,33,1001.8,SCT060,18004KT,SCT060,28.0,2.0,3.3,410
9,2026-04-08,13,2026-04-08T20:00:00Z,2026-04-08T13:00:00-07:00,v1.8,13.8,2.5,S 10 km/h,34,1001.5,BKN060,18005KT,BKN060,27.5,2.0,3.3,410
9,2026-04-08,14,2026-04-08T21:00:00Z,2026-04-08T14:00:00-07:00,v1.8,13.5,3.0,S 10 km/h,36,1001.2,BKN050,18005KT,BKN050,27.0,2.0,3.3,410
9,2026-04-08,15,2026-04-08T22:00:00Z,2026-04-08T15:00:00-07:00,v1.8,13.0,3.5,S 8 km/h,38,1001.0,BKN050,18004KT,BKN050,26.5,2.0,3.3,410
9,2026-04-08,16,2026-04-08T23:00:00Z,2026-04-08T16:00:00-07:00,v1.8,12.2,4.0,S 8 km/h,42,1000.8,BKN040,18004KT,BKN040,25.0,2.0,3.3,410
9,2026-04-08,17,2026-04-09T00:00:00Z,2026-04-08T17:00:00-07:00,v1.8,11.0,4.0,S 6 km/h,48,1000.5,OVC040,18003KT,OVC040,24.0,2.0,3.3,410
9,2026-04-08,18,2026-04-09T01:00:00Z,2026-04-08T18:00:00-07:00,v1.8,10.0,4.5,S 5 km/h,55,1000.2,OVC035,18003KT,OVC035,22.0,2.0,3.3,410
9,2026-04-08,19,2026-04-09T02:00:00Z,2026-04-08T19:00:00-07:00,v1.8,9.2,4.5,S 5 km/h,60,1000.0,OVC030,18003KT,OVC030,20.0,2.0,3.3,410
9,2026-04-08,20,2026-04-09T03:00:00Z,2026-04-08T20:00:00-07:00,v1.8,8.5,4.5,Calm,65,999.8,OVC030,00000KT,OVC030,18.0,2.0,3.3,410
9,2026-04-08,21,2026-04-09T04:00:00Z,2026-04-08T21:00:00-07:00,v1.8,8.0,4.5,Calm,70,999.5,-RA OVC025,00000KT,OVC025,15.0,2.0,3.3,410
9,2026-04-08,22,2026-04-09T05:00:00Z,2026-04-08T22:00:00-07:00,v1.8,7.5,4.5,Calm,74,999.2,-RA OVC020,00000KT,OVC020,12.0,2.0,3.3,410
9,2026-04-08,23,2026-04-09T06:00:00Z,2026-04-08T23:00:00-07:00,v1.8,7.0,4.5,Calm,78,999.0,RA OVC015,00000KT,OVC015,8.0,2.0,3.3,410
10,2026-04-09,0,2026-04-09T07:00:00Z,2026-04-09T00:00:00-07:00,v1.9,7.0,5.0,S 5 km/h,82,998.8,RA OVC015,18003KT,OVC015,6.0,1.67,2.3,395
10,2026-04-09,1,2026-04-09T08:00:00Z,2026-04-09T01:00:00-07:00,v1.9,7.0,5.0,S 5 km/h,84,998.5,RA OVC012,18003KT,OVC012,5.0,1.67,2.3,395
10,2026-04-09,2,2026-04-09T09:00:00Z,2026-04-09T02:00:00-07:00,v1.9,6.8,5.0,S 3 km/h,86,998.2,-RA OVC015,18002KT,OVC015,6.0,1.67,2.3,395
10,2026-04-09,3,2026-04-09T10:00:00Z,2026-04-09T03:00:00-07:00,v1.9,6.8,5.0,Calm,86,998.0,-RA OVC018,00000KT,OVC018,8.0,1.67,2.3,395
10,2026-04-09,4,2026-04-09T11:00:00Z,2026-04-09T04:00:00-07:00,v1.9,6.5,5.0,Calm,88,998.0,OVC020,00000KT,OVC020,10.0,1.67,2.3,395
10,2026-04-09,5,2026-04-09T12:00:00Z,2026-04-09T05:00:00-07:00,v1.9,6.5,4.5,Calm,86,998.2,BKN025,00000KT,BKN025,12.0,1.67,2.3,395
10,2026-04-09,6,2026-04-09T13:00:00Z,2026-04-09T06:00:00-07:00,v1.9,7.0,4.5,Calm,82,998.5,BKN030,00000KT,BKN030,15.0,1.67,2.3,395
10,2026-04-09,7,2026-04-09T14:00:00Z,2026-04-09T07:00:00-07:00,v1.9,8.0,4.0,Calm,72,998.8,BKN040,00000KT,BKN040,18.0,1.67,2.3,395
10,2026-04-09,8,2026-04-09T15:00:00Z,2026-04-09T08:00:00-07:00,v1.9,9.5,3.5,SW 5 km/h,60,999.0,SCT050,22003KT,SCT050,22.0,1.67,2.3,395
10,2026-04-09,9,2026-04-09T16:00:00Z,2026-04-09T09:00:00-07:00,v1.9,11.0,3.0,SW 6 km/h,48,999.5,SCT060,22003KT,SCT060,25.0,1.67,2.3,395
10,2026-04-09,10,2026-04-09T17:00:00Z,2026-04-09T10:00:00-07:00,v1.9,12.5,2.5,W 8 km/h,40,1000.0,FEW070,27004KT,FEW070,28.0,1.67,2.3,395
10,2026-04-09,11,2026-04-09T18:00:00Z,2026-04-09T11:00:00-07:00,v1.9,13.5,2.0,W 10 km/h,34,1000.5,FEW080,27005KT,FEW080,29.0,1.67,2.3,395
10,2026-04-09,12,2026-04-09T19:00:00Z,2026-04-09T12:00:00-07:00,v1.9,14.5,1.5,W 10 km/h,30,1001.0,FEW100,27005KT,FEW100,30.0,1.67,2.3,395
10,2026-04-09,13,2026-04-09T20:00:00Z,2026-04-09T13:00:00-07:00,v1.9,15.0,1.5,NW 10 km/h,28,1001.5,SKC,32005KT,SKC,30.0,1.67,2.3,395
10,2026-04-09,14,2026-04-09T21:00:00Z,2026-04-09T14:00:00-07:00,v1.9,14.8,1.5,NW 8 km/h,29,1002.0,SKC,32004KT,SKC,30.0,1.67,2.3,395
10,2026-04-09,15,2026-04-09T22:00:00Z,2026-04-09T15:00:00-07:00,v1.9,14.0,2.0,NW 6 km/h,32,1002.5,FEW200,32003KT,FEW200,30.0,1.67,2.3,395
10,2026-04-09,16,2026-04-09T23:00:00Z,2026-04-09T16:00:00-07:00,v1.9,13.0,2.0,NW 5 km/h,36,1003.0,FEW200,32003KT,FEW200,29.0,1.67,2.3,395
10,2026-04-09,17,2026-04-10T00:00:00Z,2026-04-09T17:00:00-07:00,v1.9,11.5,2.5,Calm,42,1003.2,CLR,00000KT,CLR,28.0,1.67,2.3,395
10,2026-04-09,18,2026-04-10T01:00:00Z,2026-04-09T18:00:00-07:00,v1.9,10.0,3.0,Calm,50,1003.5,CLR,00000KT,CLR,26.0,1.67,2.3,395
10,2026-04-09,19,2026-04-10T02:00:00Z,2026-04-09T19:00:00-07:00,v1.9,9.0,3.0,Calm,56,1003.8,CLR,00000KT,CLR,24.0,1.67,2.3,395
10,2026-04-09,20,2026-04-10T03:00:00Z,2026-04-09T20:00:00-07:00,v1.9,8.0,3.0,Calm,62,1004.0,CLR,00000KT,CLR,22.0,1.67,2.3,395
10,2026-04-09,21,2026-04-10T04:00:00Z,2026-04-09T21:00:00-07:00,v1.9,7.0,3.0,Calm,68,1004.2,CLR,00000KT,CLR,21.0,1.67,2.3,395
10,2026-04-09,22,2026-04-10T05:00:00Z,2026-04-09T22:00:00-07:00,v1.9,6.5,3.0,Calm,72,1004.5,CLR,00000KT,CLR,20.5,1.67,2.3,395
10,2026-04-09,23,2026-04-10T06:00:00Z,2026-04-09T23:00:00-07:00,v1.9,6.0,3.0,Calm,76,1004.8,CLR,00000KT,CLR,20.0,1.67,2.3,395
